{
    "m_inheritPosition": true,
    "m_inheritRotation": true,
    "m_inheritScale": true,
    "m_matrix": {
        "00": 0.9921007752418518,
        "01": 0.00285993330180645,
        "02": 0.1254109889268875,
        "03": 0.0,
        "10": -0.0026180557906627655,
        "11": 0.9999943971633911,
        "12": -0.002093453658744693,
        "13": 0.0,
        "20": -0.12541626393795013,
        "21": 0.0017485839780420065,
        "22": 0.9921026825904846,
        "23": 0.0,
        "30": -0.03519676253199577,
        "31": 0.16177883744239807,
        "32": -9.761150360107422,
        "33": 1.0
    },
    "owner": 1
}
