{
    "acceleration": {
        "x": 0.0,
        "y": 0.0,
        "z": 0.0
    },
    "angularVelocity": {
        "x": 0.0003095308493357152,
        "y": 3.1216314255733124e-12,
        "z": -0.0014138729311525822
    },
    "inertiaTensor": {
        "00": 900.0,
        "01": 0.0,
        "02": 0.0,
        "10": 0.0,
        "11": 900.0,
        "12": 0.0,
        "20": 0.0,
        "21": 0.0,
        "22": 900.0
    },
    "mass": 400.0,
    "velocity": {
        "x": -5.312532493917388e-07,
        "y": -0.018398284912109375,
        "z": 1.1227367480159955e-08
    }
}
