{
    "acceleration": {
        "x": 0.0,
        "y": 0.0,
        "z": 0.0
    },
    "angularVelocity": {
        "x": -1149.6627197265625,
        "y": -3.327006197650917e-06,
        "z": 4121.7021484375
    },
    "inertiaTensor": {
        "00": 1.5,
        "01": 0.0,
        "02": 0.0,
        "10": 0.0,
        "11": 1.5,
        "12": 0.0,
        "20": 0.0,
        "21": 0.0,
        "22": 1.5
    },
    "mass": 400.0,
    "velocity": {
        "x": -6.457097612155849e-08,
        "y": -0.482920378446579,
        "z": 4.713474055506595e-09
    }
}
