{
    "acceleration": {
        "x": 0.0,
        "y": 0.0,
        "z": 0.0
    },
    "angularVelocity": {
        "x": -1.0486783981323242,
        "y": 2.829271261717281e-09,
        "z": 0.1054435595870018
    },
    "inertiaTensor": {
        "00": 1.5,
        "01": 0.0,
        "02": 0.0,
        "10": 0.0,
        "11": 1.5,
        "12": 0.0,
        "20": 0.0,
        "21": 0.0,
        "22": 1.5
    },
    "mass": 4.0,
    "velocity": {
        "x": -2.483184289303608e-07,
        "y": -0.11108891665935516,
        "z": 2.8768528764723175e-14
    }
}
