{
    "acceleration": {
        "x": 0.0,
        "y": 0.0,
        "z": 0.0
    },
    "angularVelocity": {
        "x": -0.0025366046465933323,
        "y": -4.213788346030256e-11,
        "z": 0.00022592410095967352
    },
    "inertiaTensor": {
        "00": 1.5,
        "01": 0.0,
        "02": 0.0,
        "10": 0.0,
        "11": 1.5,
        "12": 0.0,
        "20": 0.0,
        "21": 0.0,
        "22": 1.5
    },
    "mass": 4.0,
    "velocity": {
        "x": -3.092769134127593e-07,
        "y": -0.018037039786577225,
        "z": 3.5830801487727465e-14
    }
}
