{
    "m_inheritPosition": true,
    "m_inheritRotation": true,
    "m_inheritScale": true,
    "m_matrix": {
        "00": 0.9179573059082031,
        "01": -0.05125326290726662,
        "02": 0.393354207277298,
        "03": 0.0,
        "10": -0.11260709166526794,
        "11": 0.9171550273895264,
        "12": 0.3822908103466034,
        "13": 0.0,
        "20": -0.3803604543209076,
        "21": -0.395221084356308,
        "22": 0.8361376523971558,
        "23": 0.0,
        "30": -0.03523489087820053,
        "31": 0.4891839921474457,
        "32": -9.761439323425293,
        "33": 1.0
    },
    "owner": 1
}
