{
    "m_inheritPosition": true,
    "m_inheritRotation": true,
    "m_inheritScale": true,
    "m_matrix": {
        "00": -0.5778317451477051,
        "01": 0.09297583997249603,
        "02": 0.810842752456665,
        "03": 0.0,
        "10": 0.11323496699333191,
        "11": -0.9747487306594849,
        "12": 0.19246496260166168,
        "13": 0.0,
        "20": 0.8082625865936279,
        "21": 0.2030280977487564,
        "22": 0.5527125597000122,
        "23": 0.0,
        "30": -0.03524566441774368,
        "31": 0.6342361569404602,
        "32": -9.761519432067871,
        "33": 1.0
    }
}
