{
    "m_inheritPosition": true,
    "m_inheritRotation": true,
    "m_inheritScale": true,
    "m_matrix": {
        "00": -0.6656945943832397,
        "01": 0.6758158802986145,
        "02": -0.3164234161376953,
        "03": 0.0,
        "10": -0.6475088000297546,
        "11": -0.7339024543762207,
        "12": -0.2052309513092041,
        "13": 0.0,
        "20": -0.3709222078323364,
        "21": 0.06826582551002502,
        "22": 0.9261514544487,
        "23": 0.0,
        "30": -0.03523561358451843,
        "31": 0.48003000020980835,
        "32": -9.761444091796875,
        "33": 1.0
    }
}
