{
    "m_childIds": [
        8
    ],
    "m_inheritPosition": true,
    "m_inheritRotation": true,
    "m_inheritScale": true,
    "m_matrix": {
        "00": -0.2558410167694092,
        "01": 0.010445762425661087,
        "02": -0.9666624665260315,
        "03": 0.0,
        "10": -0.003931261599063873,
        "11": -0.9999445676803589,
        "12": -0.00976494513452053,
        "13": 0.0,
        "20": -0.9667108654975891,
        "21": 0.0013019298203289509,
        "22": 0.2558678984642029,
        "23": 0.0,
        "30": -0.032806411385536194,
        "31": 0.16311876475811005,
        "32": -9.743380546569824,
        "33": 1.0
    },
    "m_ownerId": 5
}
